{
    "intrinsic_parameters": {
        "focal_length": [
            956.637198973105,
            957.5514131759558
        ],
        "skew": 0.0,
        "principal_point": [
            369.0548520367341,
            651.414199816039
        ]
    },
    "extrinsic_parameters": [
        {
            "image_id": 1,
            "rotation_matrix": [
                [
                    0.996998473171671,
                    0.013872064650291574,
                    -0.07616830256540369
                ],
                [
                    -0.0251153541833184,
                    0.9885626996732721,
                    -0.14870443099967973
                ],
                [
                    0.0732343053329737,
                    0.15017108455701506,
                    0.9859439040256635
                ]
            ],
            "translation_vector": [
                -3.938294728394989,
                -3.617162964976311,
                14.65911194658134
            ]
        },
        {
            "image_id": 2,
            "rotation_matrix": [
                [
                    0.890521608395178,
                    -0.2419497788582757,
                    -0.3852681786648058
                ],
                [
                    0.12245551006112401,
                    0.943077372640922,
                    -0.30920821022147127
                ],
                [
                    0.43815055978160655,
                    0.2281783813666998,
                    0.8694588623045587
                ]
            ],
            "translation_vector": [
                -1.4977158929718475,
                -0.6579189982472413,
                13.918170880592848
            ]
        }
    ],
    "radial_distortion_coefficients": [
        0.1976371780152606,
        -0.7068697874740008,
        0.048796118478768184
    ],
    "reprojection_errors": {
        "mean_error": 0.06971439945721061,
        "std_dev": 0.023213790898823205
    }
}